<?xml version="1.0" encoding="ISO-8859-1" ?>
<!DOCTYPE tiles-definitions PUBLIC
       "-//Apache Software Foundation//DTD Tiles Configuration 3.0//EN"
       "http://tiles.apache.org/dtds/tiles-config_3_0.dtd">

<tiles-definitions>
  <definition name="myapp.homepage" template="/layouts/classic.jsp">
    <put-attribute name="title" value="Tiles tutorial homepage" />
    <put-attribute name="header" value="/tiles/banner.jsp" />
    <put-attribute name="menu" value="/tiles/common_menu.jsp" />
    <put-attribute name="body" value="/tiles/home_body.jsp" />
    <put-attribute name="footer" value="/tiles/credits.jsp" />
  </definition>  
  <definition name="WILDCARD:student/*" extends="myapp.homepage">
    <put-attribute name="body" value="/student/{1}.jsp"></put-attribute>
  </definition>
  
  <definition name="myadmin" template="/WEB-INF/admin/template.jsp">
    <put-attribute name="nav" value="/WEB-INF/admin/nav.jsp"></put-attribute>
    <put-attribute name="menu" value="/WEB-INF/admin/menu.jsp"></put-attribute>
    <put-attribute name="body" value="/WEB-INF/admin/body.jsp"></put-attribute>
  </definition>
  <definition name="WILDCARD:admin/*" extends="myadmin">
    <put-attribute name="body" value="/WEB-INF/member/{1}.jsp"></put-attribute>
  </definition>
  
  <definition name="myhomepage" template="/WEB-INF/board/layout/template.jsp">
    <put-attribute name="menu" value="/WEB-INF/board/layout/menu.jsp" />
    <put-attribute name="nav" value="/WEB-INF/board/layout/nav.jsp" />
    <put-attribute name="body" value="/WEB-INF/board/layout/body.jsp" />
  </definition>
  <definition name="WILDCARD:*/*" extends="myhomepage">
    <put-attribute name="body" value="/WEB-INF/{1}/{2}.jsp" />
  </definition>

</tiles-definitions>